칐zellik	칐ncelik	S칲re (Hafta)	Zorluk	Kullan캼c캼 Etkisi	Rakiplerde Var m캼	A칞캼klama
Sohbet Ge칞mi를 Kaydetme	游댮 Kritik	2	Orta	칂ok Y칲ksek	7/7	Kullan캼c캼lar d칲nk칲 konu릀alar캼 okuyam캼yor - temel beklenti
Kar캼l캼kl캼 Sesli Sohbet	游댮 Kritik	4	Y칲ksek	칂ok Y칲ksek	5/7	Telefon g칬r칲릀esi gibi konu릀a - modern AI'larda standart
Web/캻nternet Ara릆캼rmas캼	游댮 Kritik	3	Orta	칂ok Y칲ksek	6/7	G칲ncel bilgi alma - 릇 anda k캼smi 칞al캼캼yor, tam entegrasyon gerekli
Kaynak G칬sterme	游댮 Kritik	1	D칲칲k	Y칲ksek	2/7	Bilginin nereden geldi를ni g칬sterme - g칲venilirlik i칞in kritik
Projeler/Klas칬rler	游리 칐nemli	2	Orta	Y칲ksek	4/7	Konu릀alar캼 organize etme - i kullan캼c캼lar캼 i칞in 칬nemli
Dosya Y칲kleme (PDF/Word)	游리 칐nemli	3	Orta	Y칲ksek	6/7	Belge analizi - profesyonel kullan캼m i칞in gerekli
Sohbet Export (PDF/Word)	游리 칐nemli	1	D칲칲k	Orta	3/7	Konu릀alar캼 kaydetme - raporlama i칞in yararl캼
Kamera/Ekran Payla캼m캼	游리 칐nemli	5	Y칲ksek	Y칲ksek	3/7	G칬rsel analiz - destek ve e를tim i칞in 칬nemli
Plugin/Eklenti Sistemi	游리 칐nemli	6	칂ok Y칲ksek	Orta	5/7	Geni륿etilebilirlik - uzun vadeli b칲y칲me i칞in 칬nemli
칂oklu Dil (캻ngilizce)	游릭 캻ste른 Ba륿캼	2	D칲칲k	Orta	7/7	룟 anda T칲rk칞e odakl캼 - uluslararas캼 kullan캼c캼lar i칞in gerekli
Mobil Uygulama	游릭 캻ste른 Ba륿캼	12	칂ok Y칲ksek	Y칲ksek	7/7	iOS/Android - farkl캼 platform, b칲y칲k yat캼r캼m gerektirir

Sembol A칞캼klamas캼:
游댮 Kritik = 1-2 ay i칞inde eklenirse rekabette kal캼r
游리 칐nemli = 3-6 ay i칞inde eklenirse pazar pay캼 artar
游릭 캻ste른 Ba륿캼 = 6-12 ay i칞inde eklenirse farkl캼la릀a sa륿ar

Zorluk Seviyeleri:
D칲칲k = 1 geli릆irici, basit entegrasyon
Orta = 1 geli릆irici, orta karma캼kl캼k
Y칲ksek = 1 geli릆irici veya d캼 kaynak, karma캼k
칂ok Y칲ksek = Ekip gerektirir veya uzmanl캼k alan캼 d캼캼

Toplam Tahmini S칲re (Kritik 칐zellikler): 10 hafta
Toplam Tahmini S칲re (T칲m 칐zellikler): 41 hafta
